40|Lucina|lchristmas0@omniture.com|integer pede justo lacinia
10|Iorgos|igoskar1@booking.com|velit nec nisi vulputate nonummy maecen
20|Edy|ematejovsky2@prlog.org|velit nec nisi vulputate nonummy 
62|Hillard|hsuddaby3@twitter.com|pede malesuada in imperdiet 
38|Oran|obecker4@constantcontact.com|curae duis faucibus 
75|Claudina|cchafer5@opera.com|luctus ultricies eu nibh 
22|Emilio|eascrofte6@surveymonkey.com|in lacus curabitur 
72|Phelia|pharsum7@google.ca|tu
48|Lanita|lperryn8@weather.com|eros elementum pellentesque quisque
31|Dilan|dfarenden9@google.nl|lacus morbi quis tortor id nulla ultrices 
5|Moyra|mlaflina@mashable.com|et magnis dis parturient montes 
94|Micki|mcoodeb@icio.us|eu magna vulputate luctus cum sociis 
2|Farleigh|fbrandtsc@1688.com|consequat ut nulla sed 
23|Bonnee|bhadnyd@scribd.com|bibendum morbi non quam nec dui
98|Roley|rwellbanke@barnesandnoble.com|nulla eget eros elementum 
85|Ketti|kclayfieldf@opensource.org|augue vestibulum 
77|Vale|vkohlerg@globo.com|quisque porta volutpat erat quisque erat 
55|Leeland|lziemeckih@altervista.org|praesent blandit lacinia 
7|Nanete|nrubyi@squidoo.com|lorem id ligula suspendisse ornare 
8|Moira|mbrabantj@hexun.com|nulla nisl nunc nisl duis bibendum 
50|Hunt|hlearyk@netvibes.com|in est risus auctor sed tristique
16|Si|sclementl@shinystat.com|cursus vestibulum proin eu mi nulla 
57|Miof mela|mplewsm@vimeo.com|enim sit amet nunc viverra dapibus 
12|Erminie|eleprovostn@jiathis.com|at feugiat non pretium quis 
67|Isa|inortherno@amazon.com|eu interdum eu tincidunt in leo 
70|Joli|jcaswillp@4shared.com|semper interdum mauris ullamcorper 
4548|Nicky|nbernardoq@instagram.com|et magnis dis 
68|Margareta|mpietrowiczr@e-recht24.de|posuere nonummy integer 
83|Brandais|bpitcocks@facebook.com|donec ut dolor morbi vel lectus
2092|Peria|pgynnit@toplist.cz|vitae quam suspendisse potenti nullam 
5875|Jenine|jhysomu@arstechnica.com|sapien quis libero nullam sit amet 
3091|Calvin|corodanev@ted.com|diam neque vestibulum eget vulputate 
8008|Reynard|riiannoniw@uiuc.edu|duis bibendum felis sed interd
5609|Aubrey|atwentymanx@lulu.com|ipsum primis in faucibus 
8094|Nikolos|ngalpiny@dot.gov|sit amet consectetu
8876|Bess|bstanistretez@multiply.com|amet cursus id turpis 
8765|Larry|lbroadist10@mapy.cz|felis ut at dolor quis odio consequat 
2656|Aymer|abrownbridge11@boston.com|ultrices mattis odio donec
6450|Cammy|cclerc12@g.co|nisl aenean lectus pellentesque eget
7532|Myrlene|molufsen13@stanford.edu|felis sed interdum venenati
987|Farrell|fzisneros14@nature.com|lacinia nisi venenatis tristique 
8764|Sherry|sgouny15@slate.com|id ligula suspendisse ornare consequat 
2342|Estevan|ebulward16@wordpress.org|pede malesuada in imperdiet 
9988|Herman|hfrood17@illinois.edu|diam neque vestibulum 
6097|Alexandr|agoulter18@deliciousdays.com|nisi volutpat 
3876|Wally|wspringell19@1und1.de|odio in hac habitass
7981|Lon|lkenryd1a@miitbeian.gov.cn|aliquam augue quam sollici
409|Marabel|mvandecappelle1b@un.org|nulla tempus vivamus in felis 
2356|Tiphani|tmoyne1c@photobucket.com|sit amet eleifend pede libero 
400|Chantal|cfermin1d@imageshack.us|turpis elementum ligula veh
802|Charla|cstayte1e@census.gov|consequat  dolor quis odio consequat
